No,Paper,Domain,Komponen_DSS,Metode_MCDM,Kriteria_Utama,Relevansi_Jatinangor,Arah_Kriteria,Tujuan,Masalah,Metode_Detail,Data_Detail,Hasil_Detail
1,"Wang et al. (2025), Applied Sciences","Penempatan kamera pengawas jalan; kota kecil Wuwei, RRT",Input: simpul jalan + derajat ketetanggaan + model coverage kamera → Engine: MWVC + greedy → Output: titik kamera dan tiang optimal,Optimasi coverage MWVC (non-MCDM; pembobotan vertex),Coverage jalan (benefit); jumlah tiang dan kamera (cost),"C4/C6/C7/C9, DIPAKAI. Jangkar argumen budget constraint (tiang 62→33, kamera 196→98, coverage 100%)",benefit (coverage); cost (jumlah alat),Mengusulkan model coverage kamera berbasis vertex jalan dan metode deployment MWVC agar cakupan jalan penuh dengan biaya minimum.,Penyebaran kamera pengawas boros karena terlalu banyak tiang dan kamera sementara cakupan jalan belum tentu penuh; ada konflik antara keterbatasan budget dan tuntutan coverage. Model Minimum Vertex Cover (MVC) tradisional masih boros titik.,MWVC (Minimum Weighted Vertex Cover): jaringan jalan dimodelkan sebagai vertex yang harus ter-cover; bobot tiap vertex diturunkan dari adjacency degree sehingga persimpangan penting diprioritaskan. Greedy algorithm: menyelesaikan problem MWVC dengan memilih vertex berbobot terbaik secara iteratif.,"Simpul/vertex jaringan jalan + derajat ketetanggaan tiap simpul + model coverage kamera. Studi kasus sebuah township di Wuwei, Gansu. Simulasi skala besar 10.000 run.","Jumlah tiang 62 menjadi 33 (minus 46,8%) dan kamera 196 menjadi 98 (minus 50%) dengan coverage jalan tetap 100%. Simulasi: minus 15 titik dibanding MVC (reduksi relatif 2%)."
2,"Gonzalez-Villa et al. (2024), Multimedia Tools and Applications (S4AllCities)",Counter-terrorism urban dan infrastruktur kritis; proyek EU,"Input: pergerakan pejalan/kendaraan + model ancaman → Engine: model prediktif + probabilistik → Output: strategi evakuasi, egress time, rute intervensi",DSS simulasi terintegrasi (non-MCDM),"Probabilitas ancaman, egress time, estimasi korban (arah urgensi: tinggi = prioritas)","Pembanding arsitektur RQ1. Diadopsi sebagai varian ideal roadmap UAS, bukan model UTS (butuh kalibrasi mahal)",benefit terhadap urgensi,"Membangun DSS terintegrasi (proyek S4AllCities) untuk asesmen dan manajemen safety-security smart city pada fase pencegahan dan intervensi, terintegrasi dengan legacy system dan teruji via pilot operasional.","Ancaman terorisme di keramaian, soft target, dan infrastruktur kritis; operator keamanan publik maupun privat butuh dukungan keputusan real-time baik saat pencegahan maupun intervensi, sementara sistem kota yang sudah ada (legacy) terfragmentasi.",Model prediktif: memproyeksikan progresi serangan incendiary dan mass shooting. Model probabilistik: asesmen ancaman untuk improvised explosive devices (IED). Integrasi legacy system: DSS menyatu dengan sistem kota yang sudah ada dan memberi insight real-time atas status jaringan lalu lintas normal vs anomali.,"Pergerakan pejalan kaki dan kendaraan; model ancaman (probabilitas IED, kebakaran, penembakan); status jaringan lalu lintas normal vs anomali. Diuji melalui pilot operasional di kota nyata.",Strategi evakuasi optimal; estimasi egress time; profil pergerakan pejalan; probabilitas ancaman dan estimasi korban; rute intervensi optimal. Metrik kuantitatif efektivitas [FULLTEXT-VERIFY].
3,"Feizizadeh & Omarzadeh (2025), Annals of GIS","Pemetaan risiko urban (pesepeda); Berlin, Jerman",Input: crowd-sensor + volume lalu lintas + guna lahan + sosiodemografi → Engine: statistik spasial + multi-kriteria GIS → Output: peta risiko,Spatial-MCDA berbasis GIS,"Volume lalu lintas, kondisi jalur, lingkungan, guna lahan komersial/residensial, sosiodemografi (benefit terhadap urgensi)",Template peta prioritas gang. C2/C5/C8,benefit terhadap urgensi,Mengestimasi risiko dan ketidaknyamanan pesepeda Berlin dari crowd-sensor dan memetakannya melalui analisis multi-kriteria berbasis GIS.,Risiko dan ketidaknyamanan pesepeda tidak terpetakan secara kontinu sehingga intervensi keselamatan tidak tepat sasaran; volume lalu lintas dan pola discomfort spasial-temporal belum diketahui.,"Statistik spasial: estimasi volume lalu lintas sepeda dan diskontinuitas rute secara spatiotemporal. MCDA-GIS: agregasi kondisi jalur, lingkungan, lalu lintas, guna lahan, dan sosiodemografi menjadi estimasi kontinu discomfort dan risiko pada jaringan jalan.","Crowd-sensor OpenSenseMap Berlin (kecepatan, getaran sepeda, jarak ke objek lain); volume lalu lintas; guna lahan; karakteristik sosiodemografi; kondisi jalur.","Area pusat Berlin ber-volume dan ber-discomfort tinggi. Korelasi spasial signifikan antara volume-discomfort dengan guna lahan komersial/residensial, volume kendaraan bermotor, sosiodemografi, serta kawasan sekolah dan universitas. Koefisien korelasi [FULLTEXT-VERIFY]."
4,"Ahmed et al. (2022), Frontiers in Built Environment",Smart campus; UAE,Input: survei mahasiswa/dosen/staf/IT + kriteria literatur → Engine: AHP antar-stakeholder + utility function → Output: tool keputusan investasi,AHP (pembobotan multistakeholder) + utility function,"Smart security and safety, navigasi kampus, adaptive learning (hasil konsensus; benefit)",Skema bobot AHP 3+ pihak untuk RQ3. C8/C9. Bukti safety dipersepsikan terpenting di kawasan pendidikan,benefit (konsensus),Mengklasifikasikan kriteria smart campus terpenting berbasis persepsi empat kelompok stakeholder dan membangun decision support tool untuk investasi transformasi kampus.,"Transformasi smart campus mengabaikan persepsi pengguna akhir; keputusan investasi teknologi butuh dasar yang objektif dan disepakati stakeholder, bukan sekadar definisi konseptual.","AHP antar-stakeholder: pairwise comparison lintas mahasiswa, dosen, staf administrasi, dan personel IT. Utility function: mengubah preferensi menjadi decision support tool investasi optimum bagi Network Managers, IT Managers, Systems and Cloud Managers, serta Senior Managers keuangan.","Survei mahasiswa, dosen, staf administrasi, dan personel IT sebuah institut di UAE (single case study) + daftar kriteria dan sub-kriteria smart campus dari literatur.","Konsensus lintas kelompok atas 3 kriteria terpenting: smart security and safety, navigasi kampus, dan adaptive learning."
5,"Choi et al. (2025), J. Asian Archit. Build. Eng.",Teknologi hunian vertikal padat; Korea Selatan,Input: 16 teknologi 4 domain + panel 22 ahli → Engine: MCDM terintegrasi + expected utility 3 skenario → Output: prioritas domain dan teknologi,MCDM terintegrasi + expected utility,"Importance dan utility per teknologi/skenario (aset, high-tech, kepuasan); domain smart safety teratas",Legitimasi fokus safety hunian padat (analog kos-kosan). C5/C8,benefit (importance/utility),"Memprioritaskan 16 teknologi smart city dan mengevaluasi expected utility-nya pada tiga skenario (peningkatan nilai aset, hunian high-tech, kepuasan residensial) untuk hunian vertikal Korea Selatan.","Lebih dari 60% populasi Korea tinggal di apartemen, tetapi prioritas teknologi smart city lintas skala (kompleks, bangunan, unit hunian) belum jelas sehingga perencana dan penyedia layanan kesulitan memilih teknologi di tengah keterbatasan anggaran.","MCDM terintegrasi: penentuan prioritas 16 teknologi pada 4 domain (mobilitas-parkir, environment-energi, safety, welfare) yang disaring dari literatur dan karakteristik apartemen. Expected utility: evaluasi tiap teknologi pada 3 skenario oleh panel 22 ahli akademisi dan industri.",16 teknologi kunci + penilaian importance dan utility dari panel 22 ahli akademisi dan industri.,"Domain smart environment and energy beserta smart safety terpenting. Teknologi kunci: zero-energy buildings, disaster safety systems, smart parking control, dan AI-based housing services. Angka RI/PRI [FULLTEXT-VERIFY]."
6,"Kanj et al. (2024), IEEE Access",Rute barang berbahaya; smart city,Input: data real-time cloud + cost/duration/risk → Engine: Fuzzy AHP + Fuzzy TOPSIS (statis vs dinamis) → Output: rute teraman,Fuzzy AHP (bobot) + Fuzzy TOPSIS (ranking),"Cost, duration, risk (risk = benefit terhadap urgensi)",JUSTIFIKASI INTI AHP-TOPSIS RQ3. C1/C9. Pola dominan: AHP bobot + TOPSIS ranking,benefit terhadap urgensi (risk),Menentukan rute angkutan barang berbahaya yang teraman melalui kombinasi Fuzzy AHP-TOPSIS pada lingkungan statis vs dinamis.,Risiko kejadian berbahaya pada pengangkutan barang berbahaya di smart city; rute harus meminimalkan potensi kejadian dengan memanfaatkan informasi real-time.,"Fuzzy AHP: pembobotan tiga kriteria (cost, duration, risk) dari predefined pairwise comparisons dengan fuzzy sets. Fuzzy TOPSIS: perankingan rute; lingkungan statis (keputusan tetap sebelum aksi) vs dinamis (keputusan berubah mengikuti perubahan valuasi kriteria selama pengangkutan).","Informasi real-time dari cloud + tiga kriteria: cost, duration, risk.",Risiko turun dan safety meningkat. Besaran penurunan risiko [FULLTEXT-VERIFY].
7,"Kabashkin et al. (2025), Drones","Monitoring lalu lintas + keputusan infrastruktur; GreenLine Astana, Kazakhstan",Input: video UAV 30 titik kritis + flow/speed/delay → Engine: simulasi lalu lintas + kerangka MCDM → Output: evaluasi 6 skenario intervensi,MCDM untuk evaluasi skenario (berbasis simulasi),"Flow, kecepatan, delay + kriteria skenario infrastruktur",Evaluasi skenario spasial (penutup lubang #121). C2. Logika 30 titik kritis menjadi sampling segmen gang; UAV diganti observasi manual/CCTV eksisting,context-dependent (arah skenario tidak eksplisit),Melakukan monitoring lalu lintas sinkron multi-titik via armada UAV terkoordinasi dan mengevaluasi 6 skenario infrastruktur melalui kerangka MCDM.,"Monitoring lalu lintas kota terfragmentasi karena titik observasi terpisah dan tidak sinkron, sehingga keputusan infrastruktur tidak berbasis gambaran jaringan dan butuh evaluasi skenario intervensi yang objektif.","Aerial sinkron multi-titik: armada UAV terkoordinasi merekam video real-time serentak di 30 titik observasi kritis pada jam sibuk. Kalibrasi simulasi: parameter flow, kecepatan, dan delay menjadi model simulasi lalu lintas detail. Kerangka MCDM: evaluasi 6 skenario pengembangan infrastruktur.","Video real-time UAV di 30 titik kritis distrik GreenLine, Astana, pada jam sibuk + parameter flow rate, kecepatan kendaraan, dan delay.",Skenario intervensi terefektif teridentifikasi (nama skenario [FULLTEXT-VERIFY]). Pendekatan replicable yang menghubungkan sensing sinkron dengan evaluasi berbasis simulasi.
8,"Baddour et al. (2026), J. Intell. Decis. Mak. Inf. Sci.",Perencanaan diplomatic quarter multi-faktor,Input: dataset urban dan gedung publik → Engine: BWM + CoCoSo (dikomparasi AHP/TOPSIS/VIKOR) → Output: ranking skenario,"BWM (bobot) + CoCoSo (ranking); komparasi berangka (agreement 92,8% vs 88,6%)","Security, accessibility, infrastructure, sustainability, resilience (benefit)","Komparasi metode RQ2. C1/C8/C9. Alasan pilih AHP-TOPSIS: selisih kinerja kecil, jauh lebih sederhana, pakar tersedia",benefit,"Membangun framework BWM-CoCoSo berbasis AI dan urban intelligence untuk perencanaan diplomatic quarter, dengan komparasi langsung terhadap AHP, TOPSIS, dan VIKOR.","Perencanaan diplomatic quarter multi-faktor (kualitas arsitektural, security, sustainability, infrastruktur urban, aksesibilitas, resilience, fungsi diplomatik) yang kompleks dan subjektif.","AI-powered data analytics: preprocessing dataset urban dan gedung yang kompleks untuk mengekstrak faktor berpengaruh dan meminimalkan subjektivitas. BWM: pembobotan kriteria. CoCoSo: ranking skenario perencanaan. Komparasi: diuji head-to-head vs AHP, TOPSIS, VIKOR plus sensitivitas +-20% pada bobot.","Dataset urban dan gedung yang tersedia publik (kriteria arsitektural, lingkungan, dan urban).","BWM-CoCoSo: expert agreement 92,8%, stabilitas ranking 94,1%, robustness index 0,91, CR 0,046. AHP-TOPSIS: 88,6%, 0,84, CR 0,071. VIKOR: 87,9%, 0,82. Ranking hanya bergeser sedikit pada sensitivitas."
9,"Almassawa et al. (2024), Planning Malaysia","Kebijakan smart mobility; South Tangerang, Indonesia",Input: indikator availability/security/comfort + multivariat → Engine: PROMETHEE → Output: model strategi kebijakan,PROMETHEE,"Availability, security, comfort transportasi publik",Variasi metode RQ2. C1. Konteks negara berkembang mendekati Jatinangor,benefit (kesiapan),Menilai kesiapan implementasi smart mobility berbasis transportasi publik di South Tangerang dan mengembangkan model strategi kebijakan untuk perencanaan transportasinya.,"Kepadatan penduduk dan mobilitas cepat menuntut konsep smart mobility, tetapi kesiapan implementasinya belum diketahui; dibutuhkan penilaian dan strategi kebijakan berbasis bukti untuk negara berkembang.","Analisis multivariat: penilaian indikator availability, security, comfort transportasi publik. PROMETHEE + MCDA: pemodelan strategi kebijakan perencanaan dan pengembangan transportasi.","Indikator availability, security, comfort transportasi publik South Tangerang (pendekatan mixed-method).","South Tangerang belum siap (skor indikator rendah [FULLTEXT-VERIFY]). Rekomendasi: availability, security, comfort; reorganisasi rute; informasi real-time; penyesuaian jadwal; jalur sepeda."
10,"Shiddiqy et al. (2025), Int. J. Safety Secur. Eng.","Arsitektur pertahanan ibu kota; IKN Nusantara, Indonesia","Input: dokumen kebijakan + kasus ibu kota dunia → Engine: SWOT + AHP → Output: prioritas komponen (C4ISR 46,6%; AI-surveillance 27,7%)",SWOT + AHP,"C4ISR, AI-surveillance, keamanan infrastruktur digital, kolaborasi (bobot kuantitatif)","Legitimasi bobot tinggi surveillance (C4/C7). Bukti AHP berjalan dari data sekunder, cocok untuk keterbatasan data Jatinangor",benefit (bobot prioritas),"Merancang arsitektur smart defense untuk Ibu Kota Nusantara (IKN) yang mengintegrasikan keamanan teknologi, ketahanan nasional, dan keamanan publik.",Pembangunan IKN menghadapi tantangan keamanan kompleks multidimensi dalam lingkungan smart city sehingga butuh arsitektur pertahanan terintegrasi dari perspektif systems engineering.,"SWOT: identifikasi faktor pertahanan internal dan eksternal. AHP: strukturisasi dan prioritisasi faktor dari data sekunder, dengan normalisasi bobot standar (total 1,000).","Data sekunder: kebijakan pertahanan nasional, dokumen perencanaan strategis, dan kasus keamanan ibu kota dunia.","C4ISR 0,466 (46,6%), AI-surveillance 0,277 (27,7%), keamanan infrastruktur digital 0,161 (16,1%), kolaborasi antar-lembaga 0,096 (9,6%); total bobot tepat 1,000."
11,"Zheng et al. (2025), J. Cases Inf. Technol.","Risiko banjir komunitas padat; Tangxia Guangzhou, RRT",Input: faktor alam + sosial + sosioekonomi + IoT + ArcGIS → Engine: DEMATEL-ISM + Bayesian Network → Output: risiko + evaluasi intervensi,DEMATEL-ISM (struktur) + Bayesian Network (inferensi),"Faktor alam dan sosial; kapasitas drainase (intervensi 500 m3/hr menurunkan risiko 33,8%)",Variasi metode struktural RQ2. Logika intervensi terukur menjadi C3/C9. Toolchain Python + ArcGIS,context-dependent (arah beda per faktor),"Membangun model kopling DEMATEL-ISM dan Bayesian Network untuk asesmen risiko waterlogging komunitas dan evaluasi efek renovasi drainase (studi komunitas Tangxia, Guangzhou).","Risiko waterlogging komunitas makin parah akibat perubahan iklim dan urbanisasi; metode lama hanya melihat faktor tertentu, belum menghierarkikan hubungan antar-faktor dan belum memprediksi risiko secara dinamis.",DEMATEL: analisis hubungan sebab-akibat dan tingkat pengaruh antar faktor. ISM: struktur hierarki faktor. Bayesian Network: inferensi probabilistik dinamis dan analisis sensitivitas intervensi. Vertical planning: optimasi layout drainase komunitas. Toolchain Python + ArcGIS.,"Faktor alam + sosial + sosioekonomi + IoT + ArcGIS di komunitas Tangxia, Guangzhou.","Upgrade kapasitas drainase ke 500 m3/hr menurunkan probabilitas risiko 33,8%. Validasi prediksi vs renovasi di Tangxia; perlu integrasi data sosioekonomi dan respons iklim dinamis."
12,"Yuhang et al. (2025), Applied Sciences","Penempatan sensor grid; Guangzhou, RRT",Input: proximity infrastruktur + kepadatan penduduk (EWM) → Engine: BCSLP + Genetic Algorithm → Output: strategi balanced resilience-biased,EWM (bobot objektif) + BCSLP + GA,"Primary coverage, backup coverage/resilience, risiko, biaya",C4/C7/C9 + C5 (density). EWM sebagai validasi silang bobot objektif vs AHP subjektif,benefit (coverage/resilience); cost (risiko/biaya),Mengoptimasi strategi deployment sensor monitoring grid kota via EWM dan model Backup Coverage Sensor Location Problem (BCSLP) untuk trade-off primary coverage vs backup coverage vs biaya.,"Grid kota makin kompleks dan rentan; penempatan sensor menentukan efektivitas dan biaya monitoring, dan harus menjamin redundansi untuk aset kritis, bukan sekadar cakupan luas.",EWM: pembobotan objektif prioritas monitoring tiap power tower dari proximity infrastruktur + kepadatan penduduk. BCSLP: formulasi trade-off primary coverage (breadth) vs backup coverage (resilience). Solver: Gurobi exact untuk distrik representatif + bespoke improved Genetic Algorithm untuk skalabilitas.,Proximity infrastruktur + kepadatan penduduk per power tower di Guangzhou (studi kasus distrik Haizhu).,Strategi ekstrem (breadth-only atau resilience-only) suboptimal; strategi balanced yang resilience-biased terbukti optimal. Angka trade-off [FULLTEXT-VERIFY].
