No,Sitasi,Judul,Tahun,Jurnal,DOI,Fokus_Verifikasi_Fulltext,Keputusan_Fulltext,Alasan
39,Wang et al. (2025),Monitoring Layout and Optimisation Method Based on Minimum Weighted Vertices of Roads,2025,Applied Sciences,10.3390/app152111622,Pastikan definisi bobot vertex & model coverage; catat angka efisiensi; ekstrak batasan model,Disertakan,Memenuhi kriteria inklusi I1-I6; salah satu dari 12 studi final (n=12); detail Fokus diverifikasi saat PDF tersedia
45,Gonzalez-Villa et al. (2024),Decision-support system for safety and security assessment and management in smart cities,2024,Multimedia Tools and Applications,10.1007/s11042-023-16020-6,Petakan modul input-engine-output; catat kebutuhan data kalibrasi (argumen penolakan simulasi),Disertakan,Memenuhi kriteria inklusi I1-I6; salah satu dari 12 studi final (n=12); detail Fokus diverifikasi saat PDF tersedia
31,Feizizadeh & Omarzadeh (2025),A GIS based spatiotemporal modelling approach for cycling risk mapping using crowd-sourced sensor data,2025,Annals of GIS,10.1080/19475683.2025.2453550,Catat variabel multi-kriteria & korelasi guna lahan; tiru struktur peta risiko utk gang,Disertakan,Memenuhi kriteria inklusi I1-I6; salah satu dari 12 studi final (n=12); detail Fokus diverifikasi saat PDF tersedia
37,Ahmed et al. (2022),A multi-attribute utility decision support tool for a smart campus - UAE as a case study,2022,Frontiers in Built Environment,10.3389/fbuil.2022.1044646,Catat daftar kriteria stakeholder & hasil AHP; tiru skema survei 3+ pihak,Disertakan,Memenuhi kriteria inklusi I1-I6; salah satu dari 12 studi final (n=12); detail Fokus diverifikasi saat PDF tersedia
126,Choi et al. (2025),Smart city technologies for apartment complexes in South Korea: expert prioritization and expected utility evaluation,2025,J. Asian Archit. Build. Eng.,10.1080/13467581.2025.2605740,Catat domain smart safety & 3 skenario; kutip bukti safety prioritas hunian padat,Disertakan,Memenuhi kriteria inklusi I1-I6; salah satu dari 12 studi final (n=12); detail Fokus diverifikasi saat PDF tersedia
14,Kanj et al. (2024),Dynamic Decision Making Process for Dangerous Good Transportation Using a Combination of TOPSIS and AHP Methods with Fuzzy Sets,2024,IEEE Access,10.1109/ACCESS.2024.3372852,Catat matriks kriteria cost-duration-risk & langkah Fuzzy AHP-TOPSIS; tiru template hybrid,Disertakan,Memenuhi kriteria inklusi I1-I6; salah satu dari 12 studi final (n=12); detail Fokus diverifikasi saat PDF tersedia
46,Kabashkin et al. (2025),Synchronized Multi-Point UAV-Based Traffic Monitoring for Urban Infrastructure Decision Support,2025,Drones,10.3390/drones9050370,Catat 30 titik observasi + parameter flow-speed-delay; catat 6 skenario & kerangka MCDM evaluasinya; tiru evaluasi skenario spasial (penutup lubang GIS-MCDM pasca #121 gugur),Disertakan,Memenuhi kriteria inklusi I1-I6; salah satu dari 12 studi final (n=12); detail Fokus diverifikasi saat PDF tersedia
83,Baddour et al. (2026),Intelligent Decision Support for Diplomatic Quarter Planning Through Multi-Criteria Analysis and Urban Intelligence,2026,J. Intell. Decis. Mak. Inf. Sci.,10.59543/jidmis.v3.958,Catat angka komparasi BWM-CoCoSo vs AHP-TOPSIS vs VIKOR; kutip alasan pilih AHP-TOPSIS,Disertakan,Memenuhi kriteria inklusi I1-I6; salah satu dari 12 studi final (n=12); detail Fokus diverifikasi saat PDF tersedia
96,Almassawa et al. (2024),"Policy on the implementation of smart mobility in South Tangerang City, Indonesia based on public transportation using the PROMETHEE method",2024,Planning Malaysia,10.21837/pm.v22i34.1590,Catat indikator security & langkah PROMETHEE; kutip konteks negara berkembang,Disertakan,Memenuhi kriteria inklusi I1-I6; salah satu dari 12 studi final (n=12); detail Fokus diverifikasi saat PDF tersedia
74,Shiddiqy et al. (2025),An Integrated Smart Defense Architecture for the Nusantara Capital City of Indonesia,2025,Int. J. Safety Secur. Eng.,10.18280/ijsse.151213,"Catat bobot AHP (surveillance 27,7%); kutip AHP dari data sekunder/dokumen",Disertakan,Memenuhi kriteria inklusi I1-I6; salah satu dari 12 studi final (n=12); detail Fokus diverifikasi saat PDF tersedia
11,Zheng et al. (2025),"A Bayesian Network and DEMATEL-ISM Approach for Smart Community Flood Risk Assessment: A Case Study of Tangxia, China",2025,J. Cases Inf. Technol.,10.4018/JCIT.386165,Catat struktur DEMATEL-ISM & angka sensitivitas; tiru logika intervensi terukur,Disertakan,Memenuhi kriteria inklusi I1-I6; salah satu dari 12 studi final (n=12); detail Fokus diverifikasi saat PDF tersedia
56,Yuhang et al. (2025),Sensor Placement Optimization for Power Grid Condition Monitoring Based on a Backup Coverage Model: A Case Study of Guangzhou,2025,Applied Sciences,10.3390/app152312570,Catat EWM & trade-off coverage-resilience-cost; pertimbangkan EWM sbg validasi silang bobot,Disertakan,Memenuhi kriteria inklusi I1-I6; salah satu dari 12 studi final (n=12); detail Fokus diverifikasi saat PDF tersedia
