No,Judul,Abstrak,DOI,Metode
1,Monitoring Layout and Optimisation Method Based on Minimum Weighted Vertices of Roads,"By analyzing the coverage model of cameras, a surveillance camera network model based on road vertex coverage is proposed, and an optimized deployment method for cameras based on the Minimum Weighted Vertex Cover (MWVC) model is given. The greedy algorithm is used to solve the MWVC problem, where vertex weights are defined based on adjacency degree to guide the selection process. The results from large-scale simulation experiments (10,000 runs) show that compared to the traditional Minimum Vertex Cover (MVC) model, this method reduces the number of monitoring points by approximately 15 on average (a relative reduction of about 2%). In a practical case study of a township in Wuwei City, Gansu Province, this method optimized the number of required monitoring poles from 62 to 33 (a 46.8% reduction) and the number of cameras from 196 to 98 (a 50% reduction), while ensuring 100% road coverage. This research provides a practical theoretical basis and decision-making support for the low-cost, high-efficiency layout of surveillance equipment in smart city infrastructure. © 2025 by the authors.",10.3390/app152111622,Minimum Weighted Vertex Cover (MWVC) + greedy algorithm; bobot vertex dari adjacency degree
2,Decision-support system for safety and security assessment and management in smart cities,"Counter-terrorism measures and preparedness play a critical role in securing mass gatherings, soft targets, and critical infrastructures within urban environments. This paper introduces a comprehensive Decision Support System developed as part of the S4AllCitites project, designed to seamlessly integrate with existing legacy systems in Smart Cities. The system encompasses urban pedestrian and vehicular evacuation, incorporating predictive models to anticipate the progression of incendiary and mass shooting attacks, alongside a probabilistic model for threat assessment in the case of improvised explosive devices. A notable achievement of this research is the successful implementation and deployment of the system in operational environments through pilot studies. It empowers public and private security operators with real time decision support capabilities during both prevention and intervention stages of potential attacks. The decision support information provided encompasses various aspects, including optimal evacuation strategies, estimated egress times, pedestrian movement profiles, probability assessments, and the potential impact of different terrorist threats in terms of casualties. Additionally, the system offers real-time insights into the status of the traffic network under normal and unusual conditions, enabling efficient emergency management throughout its progression. This includes the ability to identify optimal intervention routes and assess the impact of anomalous traffic resulting from evacuations. © The Author(s) 2023.",10.1007/s11042-023-16020-6,DSS terintegrasi + model prediktif + model probabilistik (non-MCDM; simulasi evakuasi dan asesmen ancaman)
3,A GIS based spatiotemporal modelling approach for cycling risk mapping using crowd-sourced sensor data,"The major objective of this study is to apply integrated data-driven methods to estimate cyclist risk and discomfort in Berlin based on the OpenSenseMap dataset. The proposed approach makes use of crowd-sourced sensor data collected during cycling (speed, bike vibration, distance to other objects), spatial statistics and multi-criteria decision analysis to provide a continuous estimation of cycling discomfort and risk in the traffic network. We employed cycling traffic volume and route discomfort estimation techniques to determine the spatiotemporal patterns of cycling traffic volume and discomfort levels. Accordingly, a GIS-based multiple criteria analysis approach was applied to map areas with high cycling traffic volume based on the condition of the cycling lanes, environmental, road traffic, land use and sociodemographic characteristics. The results show that the central area of Berlin has a high cycling traffic volume as well as a high level of discomfort. In this context, we found a significant spatial correlation between the cycling traffic volume and discomfort with the land use characteristics such as commercial or residential areas, motor vehicle traffic volume and sociodemographic characteristics in Berlin. Furthermore, results revealed a correlation between intensive traffic volume and commercial zones, schools and university areas. As we identified high-risk cycling directions and their autocorrelation with relevant indicators, the obtained results from this study will support decision-makers and authorities in recognizing the high-risk cycling areas and optimizing the risk areas, which accordingly increase the cycling safety and wellbeing of citizens. © 2025 The Author(s). Published by Informa UK Limited, trading as Taylor & Francis Group, on behalf of Nanjing Normal University.",10.1080/19475683.2025.2453550,Statistik spasial + analisis multi-kriteria berbasis GIS (data crowd-sensor OpenSenseMap)
4,A multi-attribute utility decision support tool for a smart campus—UAE as a case study,"The advancement in technologies in the education sector has improved living standards and acts as a sustaining factor for future development. Recently, the integration of technologies into the campus to transform it into a Smart Campus has experienced exponential growth in interest from researchers. Though various definitions of the concept of ‘Smart Campus’ have been proposed, the integration of the end users’ perception is always lacking in the concept. This study, therefore, intends to build on the theory to classify the most significant criteria that underpin the ‘Smart Campus’ by considering the institute’s stakeholders’ perceptions. A multi-step methodological approach is adopted to develop a decision support tool that allows the decision makers to invest in the optimum solution to transform a traditional campus into a smart campus. The study initially looks into the criteria and sub-criteria from the literature that defines a ‘Smart Campus’. Secondly, a survey was conducted by targeting a sample of students, faculty, administrative staff, and IT support personnel from a leading institute in the UAE region as a single case study. Thirdly, an AHP analysis was performed among different stakeholders. The findings suggested that there exists a consensus among the perception of a diverse group of participants who perceive smart security and safety, campus navigation, and adaptive learning as the most important criteria and applications to transform the traditional campus into a smart campus. Finally, the decision support tool development on the Utility function model allows the decision makers, i.e., Network Managers, IT Managers, Systems and Cloud Managers, and Senior Managers from the Finance departments, to make informed and strategic decisions in terms of the optimum solution for the transformation from a traditional campus to a smart campus. Copyright © 2022 Ahmed, Saboor, Ahmad and Ghaly.",10.3389/fbuil.2022.1044646,Analytic Hierarchy Process (AHP) antar-stakeholder + model utility function
5,Smart city technologies for apartment complexes in South Korea: expert prioritization and expected utility evaluation,"This study investigates the prioritization and expected utility of smart city technologies in apartment complexes in South Korea, where more than 60% of the population resides in apartment complexes. Sixteen key technologies across four domains–smart mobility and parking, smart environment and energy, smart safety, and smart welfare–are selected based on a comprehensive literature review and apartment complex characteristics. A panel of 22 experts from academia and industry evaluates their importance and utility. An integrated Multi-Criteria Decision Making (MCDM) approach is employed to determine prioritization and assess expected utility across three scenarios: asset value enhancement, high-tech housing, and residential satisfaction. Findings indicate that smart environment and energy, along with smart safety, are the most important domains for deploying smart technologies in apartment complexes in South Korea Key technologies include zero-energy buildings, disaster safety systems, smart parking control, and AI-based housing services. This study provides critical insights for architectural planners and service providers to effectively guide the deployment and management of smart city technologies in residential settings within the South Korean context and in comparable international settings. © 2025 The Author(s). Published by Informa UK Limited, trading as Taylor & Francis Group on behalf of the Architectural Institute of Japan, Architectural Institute of Korea and Architectural Society of China.",10.1080/13467581.2025.2605740,"MCDM terintegrasi + evaluasi expected utility (panel 22 ahli, 3 skenario)"
6,Dynamic Decision Making Process for Dangerous Good Transportation Using a Combination of TOPSIS and AHP Methods with Fuzzy Sets,"Dangerous Goods Transportation in smart cities is one of the most intriguing topics that researchers are interested in to reduce the risks caused by hazardous events. This article proposes a novel technique to avoid hazardous events during the transportation of dangerous goods using real-time information provided by the cloud. This article applies Fuzzy Analytical Hierarchy Process - Technique for Order Preference by Similarity to Ideal Solution (AHP-TOPSIS) hybrid method for risk analysis applied to Dangerous goods transportation in a smart city. The article assumes that we have three criteria that dictate the choice of routs the vehicle follows: cost, duration, and risk. The main objective is to choose the best route through calculated weights assigned to the three criteria based on predefined pairwise comparisons. The study is done on both static and dynamic environments. In static environments, the decision is made and is followed prior to actions and no change of actions is made even if criteria values change. In dynamic environments on the other hand, the decision could change during the transportation process due to the change of the valuation the criteria contribute to. The study shows that risk is reduced and therefore safety is increased for the transportation of dangerous goods.  © 2013 IEEE.",10.1109/ACCESS.2024.3372852,Fuzzy AHP (pembobotan) + Fuzzy TOPSIS (perankingan); lingkungan statis vs dinamis
7,Synchronized Multi-Point UAV-Based Traffic Monitoring for Urban Infrastructure Decision Support,"This study presents a comprehensive methodology for urban traffic monitoring and infrastructure decision making, centered on synchronous, simultaneous aerial data collection through a distributed multi-point UAV deployment. Conducted in the GreenLine district of Astana, Kazakhstan, the research utilized a coordinated fleet of UAVs to capture real-time video footage at 30 critical observation points during peak traffic periods, enabling a network-wide view of traffic dynamics. The collected data were processed to extract key traffic parameters, such as flow rates, vehicle speeds, and delays, which informed the calibration of a detailed traffic simulation model. Based on this model, six infrastructure development scenarios were evaluated using a multi-criteria decision-making framework to identify the most effective intervention strategies. This study introduces a replicable, data-driven approach that links synchronized UAV sensing with simulation-based evaluation, offering a practical decision support tool for improving urban infrastructure performance within the context of smart and rapidly evolving cities. © 2025 by the authors.",10.3390/drones9050370,Monitoring aerial sinkron multi-titik (UAV) + model simulasi + evaluasi 6 skenario dgn kerangka MCDM
8,Intelligent Decision Support for Diplomatic Quarter Planning Through Multi-Criteria Analysis and Urban Intelligence,"The decision-making process for designing a diplomatic quarter is complex as multiple factors such as architectural quality, security, sustainability, urban infrastructure, accessibility, resilience and diplomatic functions all need to be considered at the same time. In this study, an Artificial Intelligence (AI) based Multicriteria Decision Making (MCDM) intelligent decision support framework for evidencebased planning of diplomatic quarters are presented. The solution involves an AI-powered data analytics that can preprocess complex and varied urban and building datasets to extract data influencing factors and minimize subjectivity in the evaluation. The Best-Worst Method (BWM) is used to obtain the criterion weights and the Combined Compromise Solution (CoCoSo) method is used to determine the planning scenarios rank. Proposed framework is tested with architectural, environmental and urban datasets that are available to the public. Comparative evaluation of the proposed BWM–CoCoSo framework with the other methods, AHP, TOPSIS and VIKOR shows that the BWM–CoCoSo framework is having highest expert agreement (92.8%), ranking stability under sensitivity analysis (94.1%) and robustness index (0.91) with low consistency ratio (0.046). AHP–TOPSIS, on the other hand, obtained expert agreement of 88.6%, robustness index of 0.84 and consistency ratio of 0.071 while VIKOR obtained expert agreement of 87.9% and robustness index of 0.82. The analysis of the results from the sensitivity analysis (which included an error of ±20% in the criterion weights) showed that the proposed framework was reliable, as the ranking of the items changed by only a few places. Combining urban intelligence and AI with the architectural and diplomatic evaluation creates a clear, scalable and objective decision-making support tool for planning secure, sustainable and internationally representative diplomatic quarters. © 2026, Nexora Academic Press. All rights reserved.",10.59543/jidmis.v3.958,"Best-Worst Method / BWM (bobot) + Combined Compromise Solution / CoCoSo (ranking); dikomparasi dgn AHP, TOPSIS, VIKOR"
9,"POLICY ON THE IMPLEMENTATION OF SMART MOBILITY IN THE SOUTH TANGERANG CITY, INDONESIA BASED ON PUBLIC TRANSPORTATION USING THE PROMETHEE METHOD","The increase in population density and mobility in certain urban areas has underscored the need for a smart mobility concept. As a component of the broader smart city framework, smart mobility aims to enhance transportation services, making them more accessible, safe, comfortable, efficient, and affordable for the public. This research assesses the readiness for implementing public transportation-based smart mobility in South Tangerang and develops a policy strategy model for its transportation planning and development. The study employed a mixed-method approach, incorporating multivariate analysis and Multi-Criteria Decision Analysis. The findings reveal that South Tangerang is currently unprepared to implement smart mobility, as indicated by low scores on its assessment indicators. Recommended policies include improving the availability, security, and comfort of public transportation, reorganizing transit routes, providing real-time information access, adjusting schedules, and promoting bicycle use by adding bicycle lanes. This research highlights the current state of transportation systems in developing countries and emphasizes the importance of implementing policies that benefit a wide segment of the population. © 2024 by MIP.",10.21837/pm.v22i34.1590,PROMETHEE + analisis multivariat (model strategi kebijakan)
10,An Integrated Smart Defense Architecture for the Nusantara Capital City of Indonesia,"The development of Indonesia’s new capital city, the Nusantara Capital City (IKN), requires an integrated defense architecture capable of addressing complex and multidimensional security challenges within a smart city environment. This study aims to design a smart defense architecture that integrates technological security, national resilience, and public security from a safety and security systems engineering perspective. The research adopts a qualitative, document-based approach using secondary data derived from national defense policies, strategic planning documents, and international capital city security cases. A Strengths, Weaknesses, Opportunities, and Threats (SWOT) analysis is employed to identify key internal and external defense factors, which are subsequently structured and prioritized using the Analytic Hierarchy Process (AHP). The recalculated AHP results indicate that the Command, Control, Communications, Computers, Intelligence, Surveillance, and Reconnaissance (C4ISR) system emerges as the highest-priority component with a weight of 0.466 (46.6%), followed by Artificial Intelligence (AI)-based surveillance at 0.277 (27.7%), digital infrastructure security at 0.161 (16.1%), and inter-agency collaboration at 0.096 (9.6%), with the total weights summing precisely to 1.000 (100%) in accordance with standard AHP normalization procedures. These findings demonstrate the central role of integrated command systems and intelligent technologies in strengthening security governance and national resilience in IKN. The proposed framework provides a structured decision-support model to guide policymakers in developing adaptive, technology-driven, and sustainable defense systems for strategic capital cities. © 2025 The authors. This article is published by IIETA and is licensed under the CC BY 4.0 license (http://creativecommons.org/licenses/by/4.0/).",10.18280/ijsse.151213,SWOT + Analytic Hierarchy Process (AHP)
11,"A Bayesian Network and DEMATEL-ISM Approach for Smart Community Flood Risk Assessment: A Case Study of Tangxia, China","Against the backdrop of accelerating climate change and urbanization, the risk of community waterlogging has become increasingly severe. This study constructs a coupled model based on DEMATEL-ISM and Bayesian networks, integrating natural factors with social factors to achieve multidimensional risk assessment through hierarchical structure analysis and dynamic probabilistic inference. Vertical planning is introduced to optimize community drainage layouts. Taking Tangxia Community in Guangzhou as a case study, the model's effectiveness in risk prediction and renovation effect evaluation is validated. Sensitivity analysis showed that upgrading drainage capacity to 500 m3/hr can reduce risk probability by 33.8%. The study highlights the need to further integrate socioeconomic data, enhance dynamic response to climate change, and expand applications in complex geographical environments. Using Python and ArcGIS, the study highlights the integration of socioeconomic data and Internet of Things/smart city tech, offering a model analysis–design–transformation solution for high-density areas. © 2025 IGI Global. All rights reserved.",10.4018/JCIT.386165,DEMATEL-ISM (struktur hierarki) + Bayesian Network (inferensi probabilistik); sensitivitas
12,Sensor Placement Optimization for Power Grid Condition Monitoring Based on a Backup Coverage Model: A Case Study of Guangzhou,"The increasing complexity and vulnerability of urban power grids necessitate advanced monitoring systems to ensure operational reliability and resilience. The optimal placement of sensors is a critical yet challenging task that directly impacts the effectiveness and cost of such systems. This study addresses the need for a sensor deployment strategy that not only maximizes coverage but also guarantees monitoring redundancy for critical assets. We propose a novel optimization framework based on the Backup Coverage Sensor Location Problem (BCSLP). First, a multi-dimensional risk assessment, integrating infrastructure proximity and population density, was conducted using the Entropy Weight Method (EWM) to objectively determine the monitoring priority for each power tower in Guangzhou, China. Subsequently, the BCSLP model was formulated to optimize the trade-off between primary coverage (breadth) and backup coverage (resilience). The model was solved using both the Gurobi exact solver for a representative district and a bespoke improved Genetic Algorithm (GA) to ensure scalability. The case study in Guangzhou’s Haizhu District revealed that extreme strategies focusing solely on either breadth or resilience were suboptimal. We adopt a balanced, resilience-biased strategy (Formula presented.) that supports robust monitoring of critical towers while maintaining broad network coverage. The proposed risk-informed BCSLP framework provides a scientifically robust and scalable tool for designing resilient sensor networks for power grids, offering valuable decision support for enhancing urban infrastructure security in smart cities. © 2025 by the authors.",10.3390/app152312570,Entropy Weight Method / EWM (bobot objektif) + model BCSLP + Genetic Algorithm
